{"stat.walkOneCm":9580,"stat.useItem.enderio.block_cap_bank":1,"stat.leaveGame":6,"stat.craftItem.enderio.item_inventory_charger":1,"stat.flyOneCm":27084,"stat.deaths":2,"stat.jump":42,"stat.swimOneCm":195,"stat.pickup.enderio.item_material":18,"stat.playOneMinute":601795,"stat.craftItem.enderio.block_franken_zombie_generator":1,"stat.sneakTime":948,"stat.pickup.enderio.block_enhanced_combustion_generator":1,"stat.crouchOneCm":1646,"stat.timeSinceDeath":64100,"stat.craftItem.enderio.block_cap_bank":1,"stat.sprintOneCm":1356,"stat.useItem.minecraft.stone_slab2":66,"stat.craftItem.enderio.block_enhanced_combustion_generator":1,"stat.craftingTableInteraction":6}