{"stat.chestOpened":72,"stat.walkOneCm":22411,"stat.leaveGame":11,"stat.pickup.minecraft.iron_sword":1,"stat.pickup.minecraft.iron_shovel":1,"stat.pickup.minecraft.diamond_sword":1,"stat.jump":58,"stat.swimOneCm":95,"stat.pickup.enderio.item_dark_steel_sword":1,"stat.pickup.enderio.item_alloy_ingot":6,"stat.crouchOneCm":1588,"stat.enderchestOpened":1,"stat.sprintOneCm":1369,"stat.useItem.minecraft.stone_slab2":115,"stat.pickup.minecraft.iron_chestplate":1,"stat.pickup.minecraft.iron_boots":1,"stat.pickup.enderio.item_alloy_endergy_ingot":2,"stat.useItem.minecraft.ender_eye":1,"stat.pickup.minecraft.diamond_chestplate":1,"stat.flyOneCm":358802,"stat.deaths":3,"stat.playOneMinute":460490,"stat.sneakTime":1612,"stat.timeSinceDeath":176899,"stat.diveOneCm":1900}