{
  "minecraft:story/obtain_armor": {
    "criteria": {
      "iron_boots": "2020-05-19 12:09:27 -0700"
    },
    "done": true
  },
  "minecraft:recipes/decorations/ender_chest": {
    "criteria": {
      "has_ender_eye": "2020-05-18 17:10:53 -0700"
    },
    "done": true
  },
  "minecraft:recipes/decorations/chest": {
    "criteria": {
      "has_lots_of_items": "2020-05-19 12:09:27 -0700"
    },
    "done": true
  },
  "minecraft:story/shiny_gear": {
    "criteria": {
      "diamond_chestplate": "2020-05-19 12:09:27 -0700"
    },
    "done": true
  },
  "minecraft:end/find_end_city": {
    "criteria": {
      "in_city": "2020-05-18 17:13:02 -0700"
    },
    "done": true
  },
  "minecraft:end/root": {
    "criteria": {
      "entered_end": "2020-05-18 17:11:16 -0700"
    },
    "done": true
  },
  "minecraft:recipes/decorations/end_crystal": {
    "criteria": {
      "has_ender_eye": "2020-05-18 17:10:53 -0700"
    },
    "done": true
  },
  "minecraft:adventure/adventuring_time": {
    "criteria": {
      "swampland": "2020-05-19 15:36:39 -0700",
      "deep_ocean": "2020-05-19 15:40:08 -0700",
      "beaches": "2020-05-19 15:41:05 -0700",
      "desert_hills": "2020-05-19 15:41:18 -0700",
      "plains": "2020-05-19 15:36:50 -0700",
      "taiga": "2020-05-18 16:09:54 -0700",
      "extreme_hills": "2020-05-19 15:35:39 -0700",
      "roofed_forest": "2020-05-19 15:29:50 -0700",
      "river": "2020-05-19 15:36:57 -0700",
      "desert": "2020-05-19 15:42:13 -0700",
      "stone_beach": "2020-05-19 15:36:11 -0700"
    },
    "done": false
  },
  "enderiomachines:basics/sagmill/8_blue": {
    "criteria": {
      "inv_changed-enderio:item_material": "2020-05-20 13:40:38 -0700"
    },
    "done": true
  },
  "minecraft:story/enter_the_end": {
    "criteria": {
      "entered_end": "2020-05-18 17:11:16 -0700"
    },
    "done": true
  }
}